{"cameraMode":{"drawMode":0,"name":"Shaded","section":"Shading Mode"},"sceneLighting":true,"audioPlay":false,"sceneViewState":{"m_AlwaysRefresh":true,"showFog":true,"showSkybox":true,"showFlares":true,"showImageEffects":true,"showParticleSystems":true,"showVisualEffectGraphs":true,"m_FxEnabled":true},"in2DMode":false,"pivot":{"x":-1.174576759338379,"y":1.5183145999908448,"z":-1.9750622510910035},"rotation":{"x":0.2885810136795044,"y":-0.018381692469120027,"z":0.005541431717574596,"w":0.9572629928588867},"size":53.195369720458987,"orthographic":true}