{"cameraMode":{"drawMode":0,"name":"Shaded","section":"Shading Mode"},"sceneLighting":true,"audioPlay":false,"sceneViewState":{"m_AlwaysRefresh":true,"showFog":true,"showSkybox":true,"showFlares":true,"showImageEffects":true,"showParticleSystems":true,"showVisualEffectGraphs":true,"m_FxEnabled":true},"in2DMode":false,"pivot":{"x":8.530062675476075,"y":1.021833896636963,"z":4.8657732009887699},"rotation":{"x":0.13696256279945374,"y":-0.007132069207727909,"z":0.000986145925708115,"w":0.9905500411987305},"size":1.0116411447525025,"orthographic":true}